{"artifacts":[{"id":"03d03388a031faa6","name":"hibernate-core","version":"6.5.0.Final","type":"java-archive","foundBy":"java-pom-cataloger","locations":[{"path":"/pom.xml","accessPath":"/pom.xml","annotations":{"evidence":"primary"}}],"licenses":[],"language":"java","cpes":[{"cpe":"cpe:2.3:a:hibernate-core:hibernate-core:6.5.0.Final:*:*:*:*:*:*:*","source":"syft-generated"},{"cpe":"cpe:2.3:a:hibernate-core:hibernate_core:6.5.0.Final:*:*:*:*:*:*:*","source":"syft-generated"},{"cpe":"cpe:2.3:a:hibernate_core:hibernate-core:6.5.0.Final:*:*:*:*:*:*:*","source":"syft-generated"},{"cpe":"cpe:2.3:a:hibernate_core:hibernate_core:6.5.0.Final:*:*:*:*:*:*:*","source":"syft-generated"},{"cpe":"cpe:2.3:a:hibernate:hibernate-core:6.5.0.Final:*:*:*:*:*:*:*","source":"syft-generated"},{"cpe":"cpe:2.3:a:hibernate:hibernate_core:6.5.0.Final:*:*:*:*:*:*:*","source":"syft-generated"},{"cpe":"cpe:2.3:a:orm:hibernate-core:6.5.0.Final:*:*:*:*:*:*:*","source":"syft-generated"},{"cpe":"cpe:2.3:a:orm:hibernate_core:6.5.0.Final:*:*:*:*:*:*:*","source":"syft-generated"}],"purl":"pkg:maven/org.hibernate.orm/hibernate-core@6.5.0.Final","metadataType":"java-archive","metadata":{"virtualPath":"","pomProperties":{"path":"","name":"","groupId":"org.hibernate.orm","artifactId":"hibernate-core","version":""}}},{"id":"d093d2739978426d","name":"jakarta.annotation-api","version":"3.0.0","type":"java-archive","foundBy":"java-pom-cataloger","locations":[{"path":"/pom.xml","accessPath":"/pom.xml","annotations":{"evidence":"primary"}}],"licenses":[],"language":"java","cpes":[{"cpe":"cpe:2.3:a:jakarta.annotation-api:jakarta.annotation-api:3.0.0:*:*:*:*:*:*:*","source":"syft-generated"},{"cpe":"cpe:2.3:a:jakarta.annotation-api:jakarta.annotation_api:3.0.0:*:*:*:*:*:*:*","source":"syft-generated"},{"cpe":"cpe:2.3:a:jakarta.annotation_api:jakarta.annotation-api:3.0.0:*:*:*:*:*:*:*","source":"syft-generated"},{"cpe":"cpe:2.3:a:jakarta.annotation_api:jakarta.annotation_api:3.0.0:*:*:*:*:*:*:*","source":"syft-generated"},{"cpe":"cpe:2.3:a:jakarta.annotation:jakarta.annotation-api:3.0.0:*:*:*:*:*:*:*","source":"syft-generated"},{"cpe":"cpe:2.3:a:jakarta.annotation:jakarta.annotation_api:3.0.0:*:*:*:*:*:*:*","source":"syft-generated"}],"purl":"pkg:maven/jakarta.annotation/jakarta.annotation-api@3.0.0","metadataType":"java-archive","metadata":{"virtualPath":"","pomProperties":{"path":"","name":"","groupId":"jakarta.annotation","artifactId":"jakarta.annotation-api","version":""}}},{"id":"96bd44d87e24b465","name":"lombok","version":"1.18.32","type":"java-archive","foundBy":"java-pom-cataloger","locations":[{"path":"/pom.xml","accessPath":"/pom.xml","annotations":{"evidence":"primary"}}],"licenses":[],"language":"java","cpes":[{"cpe":"cpe:2.3:a:projectlombok:lombok:1.18.32:*:*:*:*:*:*:*","source":"syft-generated"},{"cpe":"cpe:2.3:a:lombok:lombok:1.18.32:*:*:*:*:*:*:*","source":"syft-generated"}],"purl":"pkg:maven/org.projectlombok/lombok@1.18.32","metadataType":"java-archive","metadata":{"virtualPath":"","pomProperties":{"path":"","name":"","groupId":"org.projectlombok","artifactId":"lombok","version":"","scope":"provided"}}},{"id":"af1e2f067f60d0c7","name":"packageurl-java","version":"1.5.0","type":"java-archive","foundBy":"java-pom-cataloger","locations":[{"path":"/pom.xml","accessPath":"/pom.xml","annotations":{"evidence":"primary"}}],"licenses":[],"language":"java","cpes":[{"cpe":"cpe:2.3:a:packageurl-java:packageurl-java:1.5.0:*:*:*:*:*:*:*","source":"syft-generated"},{"cpe":"cpe:2.3:a:packageurl-java:packageurl_java:1.5.0:*:*:*:*:*:*:*","source":"syft-generated"},{"cpe":"cpe:2.3:a:packageurl_java:packageurl-java:1.5.0:*:*:*:*:*:*:*","source":"syft-generated"},{"cpe":"cpe:2.3:a:packageurl_java:packageurl_java:1.5.0:*:*:*:*:*:*:*","source":"syft-generated"},{"cpe":"cpe:2.3:a:package-url:packageurl-java:1.5.0:*:*:*:*:*:*:*","source":"syft-generated"},{"cpe":"cpe:2.3:a:package-url:packageurl_java:1.5.0:*:*:*:*:*:*:*","source":"syft-generated"},{"cpe":"cpe:2.3:a:package_url:packageurl-java:1.5.0:*:*:*:*:*:*:*","source":"syft-generated"},{"cpe":"cpe:2.3:a:package_url:packageurl_java:1.5.0:*:*:*:*:*:*:*","source":"syft-generated"},{"cpe":"cpe:2.3:a:packageurl:packageurl-java:1.5.0:*:*:*:*:*:*:*","source":"syft-generated"},{"cpe":"cpe:2.3:a:packageurl:packageurl_java:1.5.0:*:*:*:*:*:*:*","source":"syft-generated"},{"cpe":"cpe:2.3:a:package:packageurl-java:1.5.0:*:*:*:*:*:*:*","source":"syft-generated"},{"cpe":"cpe:2.3:a:package:packageurl_java:1.5.0:*:*:*:*:*:*:*","source":"syft-generated"},{"cpe":"cpe:2.3:a:github:packageurl-java:1.5.0:*:*:*:*:*:*:*","source":"syft-generated"},{"cpe":"cpe:2.3:a:github:packageurl_java:1.5.0:*:*:*:*:*:*:*","source":"syft-generated"}],"purl":"pkg:maven/com.github.package-url/packageurl-java@1.5.0","metadataType":"java-archive","metadata":{"virtualPath":"","pomProperties":{"path":"","name":"","groupId":"com.github.package-url","artifactId":"packageurl-java","version":""}}},{"id":"a6991ee031cf7a5f","name":"postgresql","version":"42.7.3","type":"java-archive","foundBy":"java-pom-cataloger","locations":[{"path":"/pom.xml","accessPath":"/pom.xml","annotations":{"evidence":"primary"}}],"licenses":[],"language":"java","cpes":[{"cpe":"cpe:2.3:a:postgresql:postgresql:42.7.3:*:*:*:*:*:*:*","source":"syft-generated"}],"purl":"pkg:maven/org.postgresql/postgresql@42.7.3","metadataType":"java-archive","metadata":{"virtualPath":"","pomProperties":{"path":"","name":"","groupId":"org.postgresql","artifactId":"postgresql","version":""}}},{"id":"902cabcb0bb40b8a","name":"spring-boot-starter","version":"","type":"java-archive","foundBy":"java-pom-cataloger","locations":[{"path":"/pom.xml","accessPath":"/pom.xml","annotations":{"evidence":"primary"}}],"licenses":[],"language":"java","cpes":[{"cpe":"cpe:2.3:a:spring-boot-starter:spring-boot-starter:*:*:*:*:*:*:*:*","source":"syft-generated"},{"cpe":"cpe:2.3:a:spring-boot-starter:spring_boot_starter:*:*:*:*:*:*:*:*","source":"syft-generated"},{"cpe":"cpe:2.3:a:spring_boot_starter:spring-boot-starter:*:*:*:*:*:*:*:*","source":"syft-generated"},{"cpe":"cpe:2.3:a:spring_boot_starter:spring_boot_starter:*:*:*:*:*:*:*:*","source":"syft-generated"},{"cpe":"cpe:2.3:a:springframework:spring-boot-starter:*:*:*:*:*:*:*:*","source":"syft-generated"},{"cpe":"cpe:2.3:a:springframework:spring_boot_starter:*:*:*:*:*:*:*:*","source":"syft-generated"},{"cpe":"cpe:2.3:a:spring-boot:spring-boot-starter:*:*:*:*:*:*:*:*","source":"syft-generated"},{"cpe":"cpe:2.3:a:spring-boot:spring_boot_starter:*:*:*:*:*:*:*:*","source":"syft-generated"},{"cpe":"cpe:2.3:a:spring_boot:spring-boot-starter:*:*:*:*:*:*:*:*","source":"syft-generated"},{"cpe":"cpe:2.3:a:spring_boot:spring_boot_starter:*:*:*:*:*:*:*:*","source":"syft-generated"},{"cpe":"cpe:2.3:a:spring:spring-boot-starter:*:*:*:*:*:*:*:*","source":"syft-generated"},{"cpe":"cpe:2.3:a:spring:spring_boot_starter:*:*:*:*:*:*:*:*","source":"syft-generated"},{"cpe":"cpe:2.3:a:boot:spring-boot-starter:*:*:*:*:*:*:*:*","source":"syft-generated"},{"cpe":"cpe:2.3:a:boot:spring_boot_starter:*:*:*:*:*:*:*:*","source":"syft-generated"}],"purl":"pkg:maven/org.springframework.boot/spring-boot-starter","metadataType":"java-archive","metadata":{"virtualPath":"","pomProperties":{"path":"","name":"","groupId":"org.springframework.boot","artifactId":"spring-boot-starter","version":""}}},{"id":"a26a2131a65c932c","name":"spring-boot-starter-data-jpa","version":"","type":"java-archive","foundBy":"java-pom-cataloger","locations":[{"path":"/pom.xml","accessPath":"/pom.xml","annotations":{"evidence":"primary"}}],"licenses":[],"language":"java","cpes":[{"cpe":"cpe:2.3:a:spring-boot-starter-data-jpa:spring-boot-starter-data-jpa:*:*:*:*:*:*:*:*","source":"syft-generated"},{"cpe":"cpe:2.3:a:spring-boot-starter-data-jpa:spring_boot_starter_data_jpa:*:*:*:*:*:*:*:*","source":"syft-generated"},{"cpe":"cpe:2.3:a:spring_boot_starter_data_jpa:spring-boot-starter-data-jpa:*:*:*:*:*:*:*:*","source":"syft-generated"},{"cpe":"cpe:2.3:a:spring_boot_starter_data_jpa:spring_boot_starter_data_jpa:*:*:*:*:*:*:*:*","source":"syft-generated"},{"cpe":"cpe:2.3:a:spring-boot-starter-data:spring-boot-starter-data-jpa:*:*:*:*:*:*:*:*","source":"syft-generated"},{"cpe":"cpe:2.3:a:spring-boot-starter-data:spring_boot_starter_data_jpa:*:*:*:*:*:*:*:*","source":"syft-generated"},{"cpe":"cpe:2.3:a:spring_boot_starter_data:spring-boot-starter-data-jpa:*:*:*:*:*:*:*:*","source":"syft-generated"},{"cpe":"cpe:2.3:a:spring_boot_starter_data:spring_boot_starter_data_jpa:*:*:*:*:*:*:*:*","source":"syft-generated"},{"cpe":"cpe:2.3:a:spring-boot-starter:spring-boot-starter-data-jpa:*:*:*:*:*:*:*:*","source":"syft-generated"},{"cpe":"cpe:2.3:a:spring-boot-starter:spring_boot_starter_data_jpa:*:*:*:*:*:*:*:*","source":"syft-generated"},{"cpe":"cpe:2.3:a:spring_boot_starter:spring-boot-starter-data-jpa:*:*:*:*:*:*:*:*","source":"syft-generated"},{"cpe":"cpe:2.3:a:spring_boot_starter:spring_boot_starter_data_jpa:*:*:*:*:*:*:*:*","source":"syft-generated"},{"cpe":"cpe:2.3:a:springframework:spring-boot-starter-data-jpa:*:*:*:*:*:*:*:*","source":"syft-generated"},{"cpe":"cpe:2.3:a:springframework:spring_boot_starter_data_jpa:*:*:*:*:*:*:*:*","source":"syft-generated"},{"cpe":"cpe:2.3:a:spring-boot:spring-boot-starter-data-jpa:*:*:*:*:*:*:*:*","source":"syft-generated"},{"cpe":"cpe:2.3:a:spring-boot:spring_boot_starter_data_jpa:*:*:*:*:*:*:*:*","source":"syft-generated"},{"cpe":"cpe:2.3:a:spring_boot:spring-boot-starter-data-jpa:*:*:*:*:*:*:*:*","source":"syft-generated"},{"cpe":"cpe:2.3:a:spring_boot:spring_boot_starter_data_jpa:*:*:*:*:*:*:*:*","source":"syft-generated"},{"cpe":"cpe:2.3:a:spring:spring-boot-starter-data-jpa:*:*:*:*:*:*:*:*","source":"syft-generated"},{"cpe":"cpe:2.3:a:spring:spring_boot_starter_data_jpa:*:*:*:*:*:*:*:*","source":"syft-generated"},{"cpe":"cpe:2.3:a:boot:spring-boot-starter-data-jpa:*:*:*:*:*:*:*:*","source":"syft-generated"},{"cpe":"cpe:2.3:a:boot:spring_boot_starter_data_jpa:*:*:*:*:*:*:*:*","source":"syft-generated"}],"purl":"pkg:maven/org.springframework.boot/spring-boot-starter-data-jpa","metadataType":"java-archive","metadata":{"virtualPath":"","pomProperties":{"path":"","name":"","groupId":"org.springframework.boot","artifactId":"spring-boot-starter-data-jpa","version":""}}},{"id":"c4ecd845f2151260","name":"spring-boot-starter-test","version":"","type":"java-archive","foundBy":"java-pom-cataloger","locations":[{"path":"/pom.xml","accessPath":"/pom.xml","annotations":{"evidence":"primary"}}],"licenses":[],"language":"java","cpes":[{"cpe":"cpe:2.3:a:spring-boot-starter-test:spring-boot-starter-test:*:*:*:*:*:*:*:*","source":"syft-generated"},{"cpe":"cpe:2.3:a:spring-boot-starter-test:spring_boot_starter_test:*:*:*:*:*:*:*:*","source":"syft-generated"},{"cpe":"cpe:2.3:a:spring_boot_starter_test:spring-boot-starter-test:*:*:*:*:*:*:*:*","source":"syft-generated"},{"cpe":"cpe:2.3:a:spring_boot_starter_test:spring_boot_starter_test:*:*:*:*:*:*:*:*","source":"syft-generated"},{"cpe":"cpe:2.3:a:spring-boot-starter:spring-boot-starter-test:*:*:*:*:*:*:*:*","source":"syft-generated"},{"cpe":"cpe:2.3:a:spring-boot-starter:spring_boot_starter_test:*:*:*:*:*:*:*:*","source":"syft-generated"},{"cpe":"cpe:2.3:a:spring_boot_starter:spring-boot-starter-test:*:*:*:*:*:*:*:*","source":"syft-generated"},{"cpe":"cpe:2.3:a:spring_boot_starter:spring_boot_starter_test:*:*:*:*:*:*:*:*","source":"syft-generated"},{"cpe":"cpe:2.3:a:springframework:spring-boot-starter-test:*:*:*:*:*:*:*:*","source":"syft-generated"},{"cpe":"cpe:2.3:a:springframework:spring_boot_starter_test:*:*:*:*:*:*:*:*","source":"syft-generated"},{"cpe":"cpe:2.3:a:spring-boot:spring-boot-starter-test:*:*:*:*:*:*:*:*","source":"syft-generated"},{"cpe":"cpe:2.3:a:spring-boot:spring_boot_starter_test:*:*:*:*:*:*:*:*","source":"syft-generated"},{"cpe":"cpe:2.3:a:spring_boot:spring-boot-starter-test:*:*:*:*:*:*:*:*","source":"syft-generated"},{"cpe":"cpe:2.3:a:spring_boot:spring_boot_starter_test:*:*:*:*:*:*:*:*","source":"syft-generated"},{"cpe":"cpe:2.3:a:spring:spring-boot-starter-test:*:*:*:*:*:*:*:*","source":"syft-generated"},{"cpe":"cpe:2.3:a:spring:spring_boot_starter_test:*:*:*:*:*:*:*:*","source":"syft-generated"},{"cpe":"cpe:2.3:a:boot:spring-boot-starter-test:*:*:*:*:*:*:*:*","source":"syft-generated"},{"cpe":"cpe:2.3:a:boot:spring_boot_starter_test:*:*:*:*:*:*:*:*","source":"syft-generated"}],"purl":"pkg:maven/org.springframework.boot/spring-boot-starter-test","metadataType":"java-archive","metadata":{"virtualPath":"","pomProperties":{"path":"","name":"","groupId":"org.springframework.boot","artifactId":"spring-boot-starter-test","version":"","scope":"test"}}},{"id":"3fcb3c0a732cc0dd","name":"spring-boot-starter-web","version":"","type":"java-archive","foundBy":"java-pom-cataloger","locations":[{"path":"/pom.xml","accessPath":"/pom.xml","annotations":{"evidence":"primary"}}],"licenses":[],"language":"java","cpes":[{"cpe":"cpe:2.3:a:spring-boot-starter-web:spring-boot-starter-web:*:*:*:*:*:*:*:*","source":"syft-generated"},{"cpe":"cpe:2.3:a:spring-boot-starter-web:spring_boot_starter_web:*:*:*:*:*:*:*:*","source":"syft-generated"},{"cpe":"cpe:2.3:a:spring_boot_starter_web:spring-boot-starter-web:*:*:*:*:*:*:*:*","source":"syft-generated"},{"cpe":"cpe:2.3:a:spring_boot_starter_web:spring_boot_starter_web:*:*:*:*:*:*:*:*","source":"syft-generated"},{"cpe":"cpe:2.3:a:spring-boot-starter:spring-boot-starter-web:*:*:*:*:*:*:*:*","source":"syft-generated"},{"cpe":"cpe:2.3:a:spring-boot-starter:spring_boot_starter_web:*:*:*:*:*:*:*:*","source":"syft-generated"},{"cpe":"cpe:2.3:a:spring_boot_starter:spring-boot-starter-web:*:*:*:*:*:*:*:*","source":"syft-generated"},{"cpe":"cpe:2.3:a:spring_boot_starter:spring_boot_starter_web:*:*:*:*:*:*:*:*","source":"syft-generated"},{"cpe":"cpe:2.3:a:springframework:spring-boot-starter-web:*:*:*:*:*:*:*:*","source":"syft-generated"},{"cpe":"cpe:2.3:a:springframework:spring_boot_starter_web:*:*:*:*:*:*:*:*","source":"syft-generated"},{"cpe":"cpe:2.3:a:spring-boot:spring-boot-starter-web:*:*:*:*:*:*:*:*","source":"syft-generated"},{"cpe":"cpe:2.3:a:spring-boot:spring_boot_starter_web:*:*:*:*:*:*:*:*","source":"syft-generated"},{"cpe":"cpe:2.3:a:spring_boot:spring-boot-starter-web:*:*:*:*:*:*:*:*","source":"syft-generated"},{"cpe":"cpe:2.3:a:spring_boot:spring_boot_starter_web:*:*:*:*:*:*:*:*","source":"syft-generated"},{"cpe":"cpe:2.3:a:spring:spring-boot-starter-web:*:*:*:*:*:*:*:*","source":"syft-generated"},{"cpe":"cpe:2.3:a:spring:spring_boot_starter_web:*:*:*:*:*:*:*:*","source":"syft-generated"},{"cpe":"cpe:2.3:a:boot:spring-boot-starter-web:*:*:*:*:*:*:*:*","source":"syft-generated"},{"cpe":"cpe:2.3:a:boot:spring_boot_starter_web:*:*:*:*:*:*:*:*","source":"syft-generated"}],"purl":"pkg:maven/org.springframework.boot/spring-boot-starter-web","metadataType":"java-archive","metadata":{"virtualPath":"","pomProperties":{"path":"","name":"","groupId":"org.springframework.boot","artifactId":"spring-boot-starter-web","version":""}}},{"id":"264283ef2115e675","name":"spring-kafka","version":"","type":"java-archive","foundBy":"java-pom-cataloger","locations":[{"path":"/pom.xml","accessPath":"/pom.xml","annotations":{"evidence":"primary"}}],"licenses":[],"language":"java","cpes":[{"cpe":"cpe:2.3:a:springframework:spring-kafka:*:*:*:*:*:*:*:*","source":"syft-generated"},{"cpe":"cpe:2.3:a:springframework:spring_kafka:*:*:*:*:*:*:*:*","source":"syft-generated"},{"cpe":"cpe:2.3:a:spring-kafka:spring-kafka:*:*:*:*:*:*:*:*","source":"syft-generated"},{"cpe":"cpe:2.3:a:spring-kafka:spring_kafka:*:*:*:*:*:*:*:*","source":"syft-generated"},{"cpe":"cpe:2.3:a:spring_kafka:spring-kafka:*:*:*:*:*:*:*:*","source":"syft-generated"},{"cpe":"cpe:2.3:a:spring_kafka:spring_kafka:*:*:*:*:*:*:*:*","source":"syft-generated"},{"cpe":"cpe:2.3:a:springframework:kafka:*:*:*:*:*:*:*:*","source":"syft-generated"},{"cpe":"cpe:2.3:a:spring:spring-kafka:*:*:*:*:*:*:*:*","source":"syft-generated"},{"cpe":"cpe:2.3:a:spring:spring_kafka:*:*:*:*:*:*:*:*","source":"syft-generated"},{"cpe":"cpe:2.3:a:kafka:spring-kafka:*:*:*:*:*:*:*:*","source":"syft-generated"},{"cpe":"cpe:2.3:a:kafka:spring_kafka:*:*:*:*:*:*:*:*","source":"syft-generated"},{"cpe":"cpe:2.3:a:spring-kafka:kafka:*:*:*:*:*:*:*:*","source":"syft-generated"},{"cpe":"cpe:2.3:a:spring_kafka:kafka:*:*:*:*:*:*:*:*","source":"syft-generated"},{"cpe":"cpe:2.3:a:spring:kafka:*:*:*:*:*:*:*:*","source":"syft-generated"},{"cpe":"cpe:2.3:a:kafka:kafka:*:*:*:*:*:*:*:*","source":"syft-generated"}],"purl":"pkg:maven/org.springframework.kafka/spring-kafka","metadataType":"java-archive","metadata":{"virtualPath":"","pomProperties":{"path":"","name":"","groupId":"org.springframework.kafka","artifactId":"spring-kafka","version":""}}},{"id":"e97f82e5e2fee0dd","name":"springdoc-openapi-starter-webmvc-ui","version":"2.5.0","type":"java-archive","foundBy":"java-pom-cataloger","locations":[{"path":"/pom.xml","accessPath":"/pom.xml","annotations":{"evidence":"primary"}}],"licenses":[],"language":"java","cpes":[{"cpe":"cpe:2.3:a:springdoc-openapi-starter-webmvc-ui:springdoc-openapi-starter-webmvc-ui:2.5.0:*:*:*:*:*:*:*","source":"syft-generated"},{"cpe":"cpe:2.3:a:springdoc-openapi-starter-webmvc-ui:springdoc_openapi_starter_webmvc_ui:2.5.0:*:*:*:*:*:*:*","source":"syft-generated"},{"cpe":"cpe:2.3:a:springdoc_openapi_starter_webmvc_ui:springdoc-openapi-starter-webmvc-ui:2.5.0:*:*:*:*:*:*:*","source":"syft-generated"},{"cpe":"cpe:2.3:a:springdoc_openapi_starter_webmvc_ui:springdoc_openapi_starter_webmvc_ui:2.5.0:*:*:*:*:*:*:*","source":"syft-generated"},{"cpe":"cpe:2.3:a:springdoc-openapi-starter-webmvc:springdoc-openapi-starter-webmvc-ui:2.5.0:*:*:*:*:*:*:*","source":"syft-generated"},{"cpe":"cpe:2.3:a:springdoc-openapi-starter-webmvc:springdoc_openapi_starter_webmvc_ui:2.5.0:*:*:*:*:*:*:*","source":"syft-generated"},{"cpe":"cpe:2.3:a:springdoc_openapi_starter_webmvc:springdoc-openapi-starter-webmvc-ui:2.5.0:*:*:*:*:*:*:*","source":"syft-generated"},{"cpe":"cpe:2.3:a:springdoc_openapi_starter_webmvc:springdoc_openapi_starter_webmvc_ui:2.5.0:*:*:*:*:*:*:*","source":"syft-generated"},{"cpe":"cpe:2.3:a:springdoc-openapi-starter:springdoc-openapi-starter-webmvc-ui:2.5.0:*:*:*:*:*:*:*","source":"syft-generated"},{"cpe":"cpe:2.3:a:springdoc-openapi-starter:springdoc_openapi_starter_webmvc_ui:2.5.0:*:*:*:*:*:*:*","source":"syft-generated"},{"cpe":"cpe:2.3:a:springdoc_openapi_starter:springdoc-openapi-starter-webmvc-ui:2.5.0:*:*:*:*:*:*:*","source":"syft-generated"},{"cpe":"cpe:2.3:a:springdoc_openapi_starter:springdoc_openapi_starter_webmvc_ui:2.5.0:*:*:*:*:*:*:*","source":"syft-generated"},{"cpe":"cpe:2.3:a:springdoc-openapi:springdoc-openapi-starter-webmvc-ui:2.5.0:*:*:*:*:*:*:*","source":"syft-generated"},{"cpe":"cpe:2.3:a:springdoc-openapi:springdoc_openapi_starter_webmvc_ui:2.5.0:*:*:*:*:*:*:*","source":"syft-generated"},{"cpe":"cpe:2.3:a:springdoc_openapi:springdoc-openapi-starter-webmvc-ui:2.5.0:*:*:*:*:*:*:*","source":"syft-generated"},{"cpe":"cpe:2.3:a:springdoc_openapi:springdoc_openapi_starter_webmvc_ui:2.5.0:*:*:*:*:*:*:*","source":"syft-generated"},{"cpe":"cpe:2.3:a:springdoc:springdoc-openapi-starter-webmvc-ui:2.5.0:*:*:*:*:*:*:*","source":"syft-generated"},{"cpe":"cpe:2.3:a:springdoc:springdoc_openapi_starter_webmvc_ui:2.5.0:*:*:*:*:*:*:*","source":"syft-generated"}],"purl":"pkg:maven/org.springdoc/springdoc-openapi-starter-webmvc-ui@2.5.0","metadataType":"java-archive","metadata":{"virtualPath":"","pomProperties":{"path":"","name":"","groupId":"org.springdoc","artifactId":"springdoc-openapi-starter-webmvc-ui","version":""}}}],"artifactRelationships":[{"parent":"03d03388a031faa6","child":"0328106cb52bb1b0","type":"evident-by"},{"parent":"264283ef2115e675","child":"0328106cb52bb1b0","type":"evident-by"},{"parent":"3fcb3c0a732cc0dd","child":"0328106cb52bb1b0","type":"evident-by"},{"parent":"902cabcb0bb40b8a","child":"0328106cb52bb1b0","type":"evident-by"},{"parent":"96bd44d87e24b465","child":"0328106cb52bb1b0","type":"evident-by"},{"parent":"a26a2131a65c932c","child":"0328106cb52bb1b0","type":"evident-by"},{"parent":"a6991ee031cf7a5f","child":"0328106cb52bb1b0","type":"evident-by"},{"parent":"af1e2f067f60d0c7","child":"0328106cb52bb1b0","type":"evident-by"},{"parent":"b8d22f526bc99af1fbacb6d8848b57dabec35182fec9821f5b35c576d5bd336b","child":"03d03388a031faa6","type":"contains"},{"parent":"b8d22f526bc99af1fbacb6d8848b57dabec35182fec9821f5b35c576d5bd336b","child":"264283ef2115e675","type":"contains"},{"parent":"b8d22f526bc99af1fbacb6d8848b57dabec35182fec9821f5b35c576d5bd336b","child":"3fcb3c0a732cc0dd","type":"contains"},{"parent":"b8d22f526bc99af1fbacb6d8848b57dabec35182fec9821f5b35c576d5bd336b","child":"902cabcb0bb40b8a","type":"contains"},{"parent":"b8d22f526bc99af1fbacb6d8848b57dabec35182fec9821f5b35c576d5bd336b","child":"96bd44d87e24b465","type":"contains"},{"parent":"b8d22f526bc99af1fbacb6d8848b57dabec35182fec9821f5b35c576d5bd336b","child":"a26a2131a65c932c","type":"contains"},{"parent":"b8d22f526bc99af1fbacb6d8848b57dabec35182fec9821f5b35c576d5bd336b","child":"a6991ee031cf7a5f","type":"contains"},{"parent":"b8d22f526bc99af1fbacb6d8848b57dabec35182fec9821f5b35c576d5bd336b","child":"af1e2f067f60d0c7","type":"contains"},{"parent":"b8d22f526bc99af1fbacb6d8848b57dabec35182fec9821f5b35c576d5bd336b","child":"c4ecd845f2151260","type":"contains"},{"parent":"b8d22f526bc99af1fbacb6d8848b57dabec35182fec9821f5b35c576d5bd336b","child":"d093d2739978426d","type":"contains"},{"parent":"b8d22f526bc99af1fbacb6d8848b57dabec35182fec9821f5b35c576d5bd336b","child":"e97f82e5e2fee0dd","type":"contains"},{"parent":"c4ecd845f2151260","child":"0328106cb52bb1b0","type":"evident-by"},{"parent":"d093d2739978426d","child":"0328106cb52bb1b0","type":"evident-by"},{"parent":"e97f82e5e2fee0dd","child":"0328106cb52bb1b0","type":"evident-by"}],"files":[{"id":"0328106cb52bb1b0","location":{"path":"/pom.xml"}}],"source":{"id":"b8d22f526bc99af1fbacb6d8848b57dabec35182fec9821f5b35c576d5bd336b","name":"pom.xml","version":"sha256:183e5d984a47d8dba625e2981e3691535b6d90e3630037f4ced32eee67845e3b","type":"file","metadata":{"path":"./pom.xml","digests":[{"algorithm":"sha256","value":"183e5d984a47d8dba625e2981e3691535b6d90e3630037f4ced32eee67845e3b"}],"mimeType":"text/xml"}},"distro":{},"descriptor":{"name":"syft","version":"1.4.1","configuration":{"catalogers":{"requested":{"default":["directory"]},"used":["alpm-db-cataloger","apk-db-cataloger","binary-classifier-cataloger","cocoapods-cataloger","conan-cataloger","dart-pubspec-lock-cataloger","dotnet-deps-cataloger","dotnet-portable-executable-cataloger","dpkg-db-cataloger","elf-binary-package-cataloger","elixir-mix-lock-cataloger","erlang-otp-application-cataloger","erlang-rebar-lock-cataloger","github-action-workflow-usage-cataloger","github-actions-usage-cataloger","go-module-binary-cataloger","go-module-file-cataloger","graalvm-native-image-cataloger","haskell-cataloger","java-archive-cataloger","java-gradle-lockfile-cataloger","java-pom-cataloger","javascript-lock-cataloger","linux-kernel-cataloger","nix-store-cataloger","php-composer-lock-cataloger","php-pecl-serialized-cataloger","portage-cataloger","python-installed-package-cataloger","python-package-cataloger","rpm-archive-cataloger","rpm-db-cataloger","ruby-gemfile-cataloger","ruby-gemspec-cataloger","rust-cargo-lock-cataloger","swift-package-manager-cataloger","wordpress-plugins-cataloger"]},"data-generation":{"generate-cpes":true},"files":{"content":{"globs":null,"skip-files-above-size":0},"hashers":["sha-1","sha-256"],"selection":"owned-by-package"},"packages":{"binary":["python-binary","python-binary-lib","pypy-binary-lib","go-binary","julia-binary","helm","redis-binary","java-binary-openjdk","java-binary-ibm","java-binary-oracle","java-binary-graalvm","java-binary-jdk","nodejs-binary","go-binary-hint","busybox-binary","haproxy-binary","perl-binary","php-cli-binary","php-fpm-binary","php-apache-binary","php-composer-binary","httpd-binary","memcached-binary","traefik-binary","arangodb-binary","postgresql-binary","mysql-binary","mysql-binary","mysql-binary","xtrabackup-binary","mariadb-binary","rust-standard-library-linux","rust-standard-library-macos","ruby-binary","erlang-binary","erlang-library","consul-binary","nginx-binary","bash-binary","openssl-binary","gcc-binary","wordpress-cli-binary"],"golang":{"local-mod-cache-dir":"/home/snerd/go/pkg/mod","main-module-version":{"from-build-settings":true,"from-contents":true,"from-ld-flags":true},"proxies":["https://proxy.golang.org","direct"],"search-local-mod-cache-licenses":false,"search-remote-licenses":false},"java-archive":{"include-indexed-archives":true,"include-unindexed-archives":false,"maven-base-url":"https://repo1.maven.org/maven2","max-parent-recursive-depth":5,"use-network":false},"javascript":{"npm-base-url":"https://registry.npmjs.org","search-remote-licenses":false},"linux-kernel":{"catalog-modules":true},"python":{"guess-unpinned-requirements":false}},"relationships":{"exclude-binary-packages-with-file-ownership-overlap":true,"package-file-ownership":true,"package-file-ownership-overlap":true},"search":{"scope":"squashed"}}},"schema":{"version":"16.0.8","url":"https://raw.githubusercontent.com/anchore/syft/main/schema/json/schema-16.0.8.json"}}
